抒情小曲集,同
六つの小品集,同
練習曲,同
夜想曲,同
男声合唱組曲,同
即興曲,同
即興曲,同
組曲,同
前奏曲,同
吹奏楽のための組曲,同
序曲,同
女声合唱組曲,同
女声合唱曲集,同
混声合唱組曲,同
混声合唱組曲,同
混声合唱曲,同
行進曲,同
交響詩,同
交響曲,同
弦楽六重奏曲,同
弦楽四重奏曲,同
弦楽四重奏曲,同
弦楽三重奏曲,同
弦楽五重奏曲,同
幻想曲,同
協奏曲,同
華麗なるポロネｰズ,同
歌劇,同
ワルツ,同
レクイエム,同
リュｰト組曲,同
メヌエット,同
ミュｰジカル,同
ミクロコスモス,同
マズルカ,同
ホルン協奏曲,同
プレリュｰド,同
フルｰト協奏曲,同
フルｰトとチェンバロのためのソナタ,同
フルｰトとチェンバロのためのソナタ,同
ブランデンブルク協奏曲,同
ピアノ四重奏曲,同
ピアノ三重奏曲,同
ピアノ協奏曲,同
ピアノ･ソナタ,同
ハンガリｰ舞曲,同
ハンガリア舞曲,同
ハｰプシコｰド協奏曲,同
ノクタｰン,同
チェンバロのための組曲,同
チェロ･ソナタ,同
タンゴ,同
ソナタ,同
セレナｰド,同
スラヴ舞曲,同
スケルツォ,同
クラリネット三重奏曲,同
クラリネット五重奏曲,同
カンツォネッタ,同
カンツォｰナ,同
カンタｰタ,同
ヴァイオリン協奏曲,同
ヴァイオリンとハｰプシコｰドのためのソナタ,同
ヴァイオリン･ソナタ,同
2台のハｰプシコｰドのための協奏曲,同
2つのヴァイオリンの協奏曲,同
12の練習曲,同
フルｰト･ソナタ,同
カンタｰタ,同
歌曲集,同
バレエ音楽,同
エチュｰド,同
スラヴ舞曲,同
オｰボエ･ソナタ,同
バレエ音楽,同
フルｰト協奏曲,同
フルｰト四重奏曲,同
コラｰル,同
トッカｰタ,同
ペトラルカのソネット,同
ヴァイオリン･ソナティナ,同
2本のリコｰダｰのためのソナタ,同
2本のリコｰダｰのための組曲,同
ディヴェルティメント,同
合奏協奏曲,同
舟歌,同
フルｰト三重奏曲,同
ロマンス,同
ヴィラネッラ,同
ロンドン･トリオ,同
オルガン交響曲,同
メキシコ舞曲,同
ソナチネ,同
ヴァイオリン･ソナタ,同
ヴァイオリンと通奏低音のためのソナタ,同
ディヴェルティメント,同
ヴァイオリンとヴィオラのための二重奏曲,同
喜歌劇,同
セレナｰデ,同
コントルダンス,同
クラリネット･ソナタ,同
ポルカ,同
ピアノとオｰケストラのためのロンド,同
ヴィオラ･ダ･ガンバのためのソナタ,同
パルティｰタ,同
教会ソナタ,同
プロポジション,同
4つの即興曲,同
バラｰド,同
オルガン協奏,同
ヴィジョン,同
バスｰン協奏曲,同
アレグロ,同
シンフォニア,同
トリオ･ソナタ,同
クラヴィｰア･ソナタ,同
インテルメッツォ,同
ジムノペディ,同
グノシエンヌ,同
オジｰヴ,同
ハンガリｰ狂詩曲,同
リコｰダｰ･ソナタ,同
クラヴィｰア協奏曲,同
クラヴサン曲集,同